gene,count,freq
R3HCC1L,25,1.0
DDX3X,25,1.0
PNISR,25,1.0
KIDINS220,25,1.0
IVNS1ABP,25,1.0
RANBP2,25,1.0
RBM39,25,1.0
RNF145,25,1.0
SACM1L,25,1.0
HERC4,25,1.0
SPG20,25,1.0
TGFBR1,25,1.0
TIGD7,25,1.0
UBXN2A,25,1.0
LUC7L3,25,1.0
DDX42,25,1.0
MALAT1,25,1.0
ATRX,25,1.0
ZNF292,25,1.0
ZNF770,25,1.0
ARID4B,25,1.0
TMEM2,24,0.96
CCR2,24,0.96
CNBP,24,0.96
CD163,24,0.96
ZNF701,24,0.96
CRLF3,24,0.96
RIT1,24,0.96
PPM1B,24,0.96
AHNAK,24,0.96
PNN,23,0.92
SRSF5,23,0.92
ZDHHC17,23,0.92
HNRNPA2B1,23,0.92
GIMAP8,22,0.88
POLR2B,22,0.88
ZNF700,22,0.88
ZNF12,22,0.88
EIF4A2,21,0.84
TOPORS,21,0.84
PRPF40A,21,0.84
YTHDC1,21,0.84
ZNF808,20,0.8
ZNF117,20,0.8
ZNF322,20,0.8
HNRNPH3,20,0.8
LOC728554,20,0.8
EGR1,20,0.8
LBR,20,0.8
SLC38A2,19,0.76
RSF1,19,0.76
RAB27A,19,0.76
FXR1,19,0.76
SREK1,18,0.72
CLK1,18,0.72
ZNF721,18,0.72
EIF3A,18,0.72
RBL2,18,0.72
CHD2,18,0.72
PDX1,17,0.68
SRSF1,17,0.68
ARMCX3,17,0.68
PNRC2,17,0.68
TM2D3,16,0.64
USP47,16,0.64
TTC14,16,0.64
CHMP1B,16,0.64
RB1CC1,15,0.6
ZNF600,15,0.6
RABGGTB,15,0.6
FAM13C,15,0.6
CES1,15,0.6
STARD4,15,0.6
SENP6,14,0.56
TSR1,14,0.56
LINC00909,14,0.56
MRFAP1,14,0.56
DDX6,14,0.56
IFRD1,13,0.52
PCF11,13,0.52
SF3B1,13,0.52
JAK2,13,0.52
ESF1,13,0.52
CCDC82,13,0.52
MYBL2,12,0.48
ASNSD1,12,0.48
FAR1,12,0.48
HNRNPH2,12,0.48
ZFP62,11,0.44
YIPF4,11,0.44
ZNF518B,10,0.4
C1QC,10,0.4
STX16,10,0.4
SRSF6,10,0.4
DDX5,10,0.4
HSD17B11,10,0.4
MFSD1,9,0.36
HMBS,9,0.36
SCARNA17,9,0.36
RENBP,9,0.36
ITGB2,9,0.36
UFM1,9,0.36
DCP2,9,0.36
CTR9,9,0.36
DEK,8,0.32
NUP50,8,0.32
TMCO3,8,0.32
RBM12B,8,0.32
PAFAH1B3,8,0.32
RPS6KA3,8,0.32
RBAK,7,0.28
HNRNPH1,7,0.28
RAD21,7,0.28
RANBP6,7,0.28
INSIG2,7,0.28
ABHD14A,7,0.28
TDP2,7,0.28
KIF5B,7,0.28
SLC17A9,7,0.28
FER,7,0.28
CREBZF,6,0.24
UCP2,6,0.24
CPNE5,6,0.24
ARHGEF16,6,0.24
STK4,6,0.24
S100A6,6,0.24
CCDC47,6,0.24
PNOC,6,0.24
CD79A,6,0.24
ZNF217,6,0.24
FYTTD1,6,0.24
CDK5RAP3,5,0.2
ZKSCAN1,5,0.2
HNRNPA3,5,0.2
KLHL8,5,0.2
GALNT9,5,0.2
TTC32,5,0.2
KBTBD11,5,0.2
PRPF38B,5,0.2
JPX,5,0.2
ROCK1,5,0.2
FGL2,5,0.2
TPR,5,0.2
TMEM30A,5,0.2
JRKL,5,0.2
TXNRD1,5,0.2
TAOK3,5,0.2
RLF,4,0.16
CCPG1,4,0.16
SNORA21,4,0.16
MGEA5,4,0.16
CD63,4,0.16
HNRNPF,4,0.16
ZNF569,4,0.16
BAZ2B,4,0.16
SARAF,4,0.16
CSNK1A1,4,0.16
UBE2F,4,0.16
FOXP3,4,0.16
LMNB1,4,0.16
CLK4,4,0.16
NRBF2,4,0.16
ZNF224,4,0.16
PRPF4B,3,0.12
ZNF267,3,0.12
ACRC,3,0.12
SLC37A4,3,0.12
PPP4R2,3,0.12
RNF6,3,0.12
PKD2,3,0.12
PPP6R3,3,0.12
ZNF420,3,0.12
ZNF780A,3,0.12
SLTM,3,0.12
SKIV2L2,3,0.12
SFPQ,3,0.12
GNAO1,3,0.12
PSKH2,3,0.12
ARGLU1,3,0.12
ELFN2,3,0.12
MYLK2,3,0.12
CLCN2,3,0.12
WAPAL,3,0.12
USP48,3,0.12
CRKL,3,0.12
DAP3,3,0.12
SMARCA5,3,0.12
CENPA,3,0.12
CD36,3,0.12
UBALD1,3,0.12
IGIP,3,0.12
SCN1B,3,0.12
DLX6,3,0.12
DNPH1,3,0.12
TMEM165,2,0.08
RBM25,2,0.08
ARHGAP30,2,0.08
MPV17L2,2,0.08
AQP1,2,0.08
RPH3A,2,0.08
AMICA1,2,0.08
GIMAP7,2,0.08
IGF2R,2,0.08
HNRNPU,2,0.08
HECA,2,0.08
CUTC,2,0.08
PORCN,2,0.08
RGS18,2,0.08
NEK4,2,0.08
TAF7,2,0.08
SUV420H1,2,0.08
SRSF7,2,0.08
OPTC,2,0.08
FAM208A,2,0.08
ZNF20,2,0.08
SLC39A7,2,0.08
OAT,2,0.08
ATP6V0E2,2,0.08
KCNE3,2,0.08
OTUD7A,2,0.08
DTX4,2,0.08
PPIG,2,0.08
FIZ1,2,0.08
EIF2S3,2,0.08
ZNF638,2,0.08
NFE2L2,2,0.08
PTPRC,2,0.08
SOX5,2,0.08
ARID4A,2,0.08
TGM2,2,0.08
SLMAP,2,0.08
YDJC,2,0.08
MTERF1,2,0.08
VNN2,1,0.04
ARFIP1,1,0.04
ATP6AP2,1,0.04
CCR10,1,0.04
IDI1,1,0.04
CRBN,1,0.04
ETV4,1,0.04
CD69,1,0.04
RGS7,1,0.04
HSPG2,1,0.04
CBX3,1,0.04
CBWD1,1,0.04
BZW1,1,0.04
CWF19L2,1,0.04
ZDHHC12,1,0.04
TRIB3,1,0.04
TPRXL,1,0.04
CWC27,1,0.04
ZBTB1,1,0.04
MRFAP1L1,1,0.04
ENPP1,1,0.04
TGOLN2,1,0.04
KPNB1,1,0.04
KBTBD2,1,0.04
CUL4A,1,0.04
CFLAR,1,0.04
CALCOCO1,1,0.04
AOAH,1,0.04
ZNF254,1,0.04
ZDBF2,1,0.04
ZDHHC24,1,0.04
MICALL2,1,0.04
HCN4,1,0.04
C2orf57,1,0.04
UBIAD1,1,0.04
RPL17,1,0.04
WDR82,1,0.04
TCF20,1,0.04
SRSF4,1,0.04
SMARCA2,1,0.04
SART3,1,0.04
PCNX,1,0.04
NDFIP1,1,0.04
MTF2,1,0.04
EVI5L,1,0.04
CPOX,1,0.04
ERCC5,1,0.04
SIX6,1,0.04
ZFP30,1,0.04
C16orf74,1,0.04
MYOM1,1,0.04
ZNF740,1,0.04
ZNF106,1,0.04
FAM73A,1,0.04
SF3B4,1,0.04
TRMU,1,0.04
TBC1D14,1,0.04
SH3BP5L,1,0.04
ZNF26,1,0.04
NOM1,1,0.04
ZNF540,1,0.04
KBTBD6,1,0.04
DNAJC3,1,0.04
BMS1P5,1,0.04
AZIN1,1,0.04
AGPAT9,1,0.04
ESCO1,1,0.04
HMGB1,1,0.04
HMGN3,1,0.04
NFYB,1,0.04
DNAJA1,1,0.04
ZNF780B,1,0.04
TAX1BP1,1,0.04
ASAP3,1,0.04
SOX9,1,0.04
PSMF1,1,0.04
THUMPD1,1,0.04
CXCR3,1,0.04
ADAM23,1,0.04
ZNF763,1,0.04
ZNF514,1,0.04
YES1,1,0.04
WDR89,1,0.04
THOC2,1,0.04
CAMSAP2,1,0.04
TUBB6,1,0.04
REV1,1,0.04
FAM133B,1,0.04
AGMAT,1,0.04
UPF2,1,0.04
DMPK,1,0.04
B3GNT2,1,0.04
CHML,1,0.04
SLC37A3,1,0.04
SHISA4,1,0.04
PAPSS1,1,0.04
MCEMP1,1,0.04
HMGCR,1,0.04
GJD3,1,0.04
CEBPG,1,0.04
